-- phpMyAdmin SQL Dump
-- version 4.6.6deb4
-- https://www.phpmyadmin.net/
--
-- Host: localhost:3306
-- Generation Time: Sep 14, 2017 at 01:58 PM
-- Server version: 5.7.19-0ubuntu0.17.04.1
-- PHP Version: 7.0.22-0ubuntu0.17.04.1

SET SQL_MODE = "NO_AUTO_VALUE_ON_ZERO";
SET time_zone = "+00:00";


/*!40101 SET @OLD_CHARACTER_SET_CLIENT=@@CHARACTER_SET_CLIENT */;
/*!40101 SET @OLD_CHARACTER_SET_RESULTS=@@CHARACTER_SET_RESULTS */;
/*!40101 SET @OLD_COLLATION_CONNECTION=@@COLLATION_CONNECTION */;
/*!40101 SET NAMES utf8mb4 */;

--
-- Database: `crypto_v3`
--

-- --------------------------------------------------------

--
-- Table structure for table `channels`
--

CREATE TABLE `channels` (
  `id` int(10) UNSIGNED NOT NULL,
  `name` varchar(100) COLLATE utf8mb4_unicode_ci NOT NULL,
  `slug` varchar(150) COLLATE utf8mb4_unicode_ci NOT NULL,
  `color` varchar(16) COLLATE utf8mb4_unicode_ci DEFAULT NULL,
  `icon` varchar(25) COLLATE utf8mb4_unicode_ci DEFAULT NULL,
  `deleted_at` timestamp NULL DEFAULT NULL,
  `created_at` timestamp NULL DEFAULT NULL,
  `updated_at` timestamp NULL DEFAULT NULL
) ENGINE=InnoDB DEFAULT CHARSET=utf8mb4 COLLATE=utf8mb4_unicode_ci;

-- --------------------------------------------------------

--
-- Table structure for table `coins`
--

CREATE TABLE `coins` (
  `id` int(10) NOT NULL,
  `cur_from` varchar(10) NOT NULL,
  `cur_to` varchar(10) NOT NULL
) ENGINE=InnoDB DEFAULT CHARSET=latin1;

--
-- Dumping data for table `coins`
--

INSERT INTO `coins` (`id`, `cur_from`, `cur_to`) VALUES
(7, 'BTC', 'BCN'),
(8, 'BTC', 'BELA'),
(10, 'BTC', 'BLK'),
(12, 'BTC', 'BTCD'),
(13, 'BTC', 'BTM'),
(14, 'BTC', 'BTS'),
(15, 'BTC', 'BURST'),
(20, 'BTC', 'CLAM'),
(24, 'BTC', 'DASH'),
(25, 'BTC', 'DGB'),
(27, 'BTC', 'DOGE'),
(28, 'BTC', 'EMC2'),
(31, 'BTC', 'FLDC'),
(32, 'BTC', 'FLO'),
(38, 'BTC', 'GAME'),
(40, 'BTC', 'GRC'),
(43, 'BTC', 'HUC'),
(50, 'BTC', 'LTC'),
(51, 'BTC', 'MAID'),
(58, 'BTC', 'OMNI'),
(60, 'BTC', 'NAUT'),
(61, 'BTC', 'NAV'),
(63, 'BTC', 'NEOS'),
(64, 'BTC', 'NMC'),
(66, 'BTC', 'NOTE'),
(69, 'BTC', 'NXT'),
(73, 'BTC', 'PINK'),
(74, 'BTC', 'POT'),
(75, 'BTC', 'PPC'),
(83, 'BTC', 'RIC'),
(86, 'BTC', 'SJCX'),
(89, 'BTC', 'STR'),
(92, 'BTC', 'SYS'),
(97, 'BTC', 'VIA'),
(98, 'BTC', 'XVC'),
(99, 'BTC', 'VRC'),
(100, 'BTC', 'VTC'),
(104, 'BTC', 'XBC'),
(108, 'BTC', 'XCP'),
(112, 'BTC', 'XEM'),
(114, 'BTC', 'XMR'),
(116, 'BTC', 'XPM'),
(117, 'BTC', 'XRP'),
(121, 'USDT', 'BTC'),
(122, 'USDT', 'DASH'),
(123, 'USDT', 'LTC'),
(124, 'USDT', 'NXT'),
(125, 'USDT', 'STR'),
(126, 'USDT', 'XMR'),
(127, 'USDT', 'XRP'),
(129, 'XMR', 'BCN'),
(130, 'XMR', 'BLK'),
(131, 'XMR', 'BTCD'),
(132, 'XMR', 'DASH'),
(137, 'XMR', 'LTC'),
(138, 'XMR', 'MAID'),
(140, 'XMR', 'NXT'),
(148, 'BTC', 'ETH'),
(149, 'USDT', 'ETH'),
(150, 'BTC', 'SC'),
(151, 'BTC', 'BCY'),
(153, 'BTC', 'EXP'),
(155, 'BTC', 'FCT'),
(158, 'BTC', 'RADS'),
(160, 'BTC', 'AMP'),
(162, 'BTC', 'DCR'),
(163, 'BTC', 'LSK'),
(166, 'ETH', 'LSK'),
(167, 'BTC', 'LBC'),
(168, 'BTC', 'STEEM'),
(169, 'ETH', 'STEEM'),
(170, 'BTC', 'SBD'),
(171, 'BTC', 'ETC'),
(172, 'ETH', 'ETC'),
(173, 'USDT', 'ETC'),
(174, 'BTC', 'REP'),
(175, 'USDT', 'REP'),
(176, 'ETH', 'REP'),
(177, 'BTC', 'ARDR'),
(178, 'BTC', 'ZEC'),
(179, 'ETH', 'ZEC'),
(180, 'USDT', 'ZEC'),
(181, 'XMR', 'ZEC'),
(182, 'BTC', 'STRAT'),
(183, 'BTC', 'NXC'),
(184, 'BTC', 'PASC'),
(185, 'BTC', 'GNT'),
(186, 'ETH', 'GNT'),
(187, 'BTC', 'GNO'),
(188, 'ETH', 'GNO'),
(189, 'BTC', 'BCH'),
(190, 'ETH', 'BCH'),
(191, 'USDT', 'BCH'),
(192, 'BTC', 'ZRX'),
(193, 'ETH', 'ZRX'),
(194, 'BTC', 'CVC'),
(195, 'ETH', 'CVC'),
(196, 'BTC', 'OMG'),
(197, 'ETH', 'OMG');

-- --------------------------------------------------------

--
-- Table structure for table `discussions`
--

CREATE TABLE `discussions` (
  `id` int(11) NOT NULL,
  `fk_forum` int(11) NOT NULL,
  `fk_thread` int(11) NOT NULL,
  `d_title` varchar(70) NOT NULL,
  `forum` varchar(70) NOT NULL
) ENGINE=InnoDB DEFAULT CHARSET=latin1;

--
-- Dumping data for table `discussions`
--

INSERT INTO `discussions` (`id`, `fk_forum`, `fk_thread`, `d_title`, `forum`) VALUES
(4, 0, 28, 'test 1', 'ICO'),
(5, 0, 29, 'test2', 'ICO'),
(6, 0, 30, 'test 1', 'ICO'),
(7, 0, 31, 'test 1', 'ICO'),
(8, 0, 32, 'test 1', 'ICO'),
(9, 0, 33, 'test 3', 'ICO'),
(10, 0, 34, 'test 1', 'ICO'),
(11, 0, 35, 'test 1', 'ICO'),
(12, 0, 36, 'test 1', 'ICO'),
(13, 0, 37, 'test 1', 'ICO'),
(14, 0, 38, 'test 1', 'ICO'),
(15, 0, 39, 'test 1', 'ICO'),
(16, 0, 40, 'test 1', 'ICO'),
(17, 0, 41, 'test 1', 'ICO'),
(18, 0, 42, 'fitst btc', 'BTC');

-- --------------------------------------------------------

--
-- Table structure for table `follows`
--

CREATE TABLE `follows` (
  `f_id` int(11) NOT NULL,
  `f_user_id` int(11) NOT NULL,
  `f_follower_id` int(11) NOT NULL
) ENGINE=InnoDB DEFAULT CHARSET=latin1;

--
-- Dumping data for table `follows`
--

INSERT INTO `follows` (`f_id`, `f_user_id`, `f_follower_id`) VALUES
(11, 1, 1);

-- --------------------------------------------------------

--
-- Table structure for table `forums`
--

CREATE TABLE `forums` (
  `id` int(11) NOT NULL,
  `code` varchar(20) NOT NULL,
  `type` varchar(20) NOT NULL,
  `name` varchar(50) NOT NULL
) ENGINE=InnoDB DEFAULT CHARSET=latin1;

--
-- Dumping data for table `forums`
--

INSERT INTO `forums` (`id`, `code`, `type`, `name`) VALUES
(5, 'ICO', 'forum', 'ICO'),
(6, 'Mining', 'forum', 'Mining'),
(7, 'Economy', 'forum', 'Economy'),
(8, 'Politics', 'forum', 'Politics'),
(9, 'Technology', 'forum', 'Technology'),
(10, 'Off topic', 'forum', 'Off topic'),
(11, 'Algorithmic', 'forum', 'Algorithmic'),
(12, 'Philosophy', 'forum', 'Philosophy'),
(13, 'Help', 'forum', 'Help'),
(14, 'BTC', 'coin', 'Bitcoin'),
(15, 'EHT', 'coin', 'Ethereum'),
(16, 'BCH', 'coin', 'Bitcoin Cash'),
(17, 'XRP', 'coin', 'Ripple'),
(34, 'LTC', 'coin', 'Litecoin'),
(35, 'DASH', 'coin', 'Dash'),
(36, 'XEM', 'coin', 'NEM'),
(37, 'XMR', 'coin', 'Monero'),
(38, 'MIOTA', 'coin', 'IOTA'),
(39, 'ETC', 'coin', 'Ethereum Classic');

-- --------------------------------------------------------

--
-- Table structure for table `likes`
--

CREATE TABLE `likes` (
  `like_id` int(11) NOT NULL,
  `thread_id` int(11) NOT NULL,
  `post_id` int(11) DEFAULT NULL,
  `user_id` int(11) NOT NULL
) ENGINE=InnoDB DEFAULT CHARSET=latin1;

--
-- Dumping data for table `likes`
--

INSERT INTO `likes` (`like_id`, `thread_id`, `post_id`, `user_id`) VALUES
(41, 36, NULL, 1);

-- --------------------------------------------------------

--
-- Table structure for table `migrations`
--

CREATE TABLE `migrations` (
  `id` int(10) UNSIGNED NOT NULL,
  `migration` varchar(255) COLLATE utf8mb4_unicode_ci NOT NULL,
  `batch` int(11) NOT NULL
) ENGINE=InnoDB DEFAULT CHARSET=utf8mb4 COLLATE=utf8mb4_unicode_ci;

--
-- Dumping data for table `migrations`
--

INSERT INTO `migrations` (`id`, `migration`, `batch`) VALUES
(1, '2014_10_12_000000_create_users_table', 1),
(2, '2014_10_12_100000_create_password_resets_table', 1),
(3, '2017_07_20_095204_create_channels_table', 1),
(4, '2017_07_20_095204_create_notifications_table', 1),
(5, '2017_07_20_095204_create_polls_table', 1),
(6, '2017_07_20_095204_create_posts_table', 1),
(7, '2017_07_20_095204_create_threads_table', 1),
(8, '2017_07_20_095214_create_foreign_keys', 1);

-- --------------------------------------------------------

--
-- Table structure for table `notifications`
--

CREATE TABLE `notifications` (
  `id` int(10) UNSIGNED NOT NULL,
  `created_at` timestamp NULL DEFAULT NULL,
  `updated_at` timestamp NULL DEFAULT NULL,
  `deleted_at` timestamp NULL DEFAULT NULL,
  `user_id` int(10) UNSIGNED NOT NULL,
  `thread_id` int(10) UNSIGNED NOT NULL
) ENGINE=InnoDB DEFAULT CHARSET=utf8mb4 COLLATE=utf8mb4_unicode_ci;

-- --------------------------------------------------------

--
-- Table structure for table `password_resets`
--

CREATE TABLE `password_resets` (
  `email` varchar(100) COLLATE utf8mb4_unicode_ci NOT NULL,
  `token` varchar(255) COLLATE utf8mb4_unicode_ci NOT NULL,
  `created_at` timestamp NULL DEFAULT NULL
) ENGINE=InnoDB DEFAULT CHARSET=utf8mb4 COLLATE=utf8mb4_unicode_ci;

-- --------------------------------------------------------

--
-- Table structure for table `polls`
--

CREATE TABLE `polls` (
  `id` int(10) UNSIGNED NOT NULL,
  `created_at` timestamp NULL DEFAULT NULL,
  `updated_at` timestamp NULL DEFAULT NULL,
  `deleted_at` timestamp NULL DEFAULT NULL,
  `user_id` int(10) UNSIGNED NOT NULL,
  `post_id` int(10) UNSIGNED NOT NULL,
  `type` enum('like','award') COLLATE utf8mb4_unicode_ci NOT NULL
) ENGINE=InnoDB DEFAULT CHARSET=utf8mb4 COLLATE=utf8mb4_unicode_ci;

-- --------------------------------------------------------

--
-- Table structure for table `posts`
--

CREATE TABLE `posts` (
  `id` int(10) UNSIGNED NOT NULL,
  `text` longblob NOT NULL,
  `thread_id` int(10) UNSIGNED NOT NULL,
  `parrent` int(11) DEFAULT NULL,
  `user_id` int(10) UNSIGNED NOT NULL,
  `deleted_at` timestamp NULL DEFAULT NULL,
  `created_at` timestamp NULL DEFAULT NULL,
  `updated_at` timestamp NULL DEFAULT NULL
) ENGINE=InnoDB DEFAULT CHARSET=utf8mb4 COLLATE=utf8mb4_unicode_ci;

-- --------------------------------------------------------

--
-- Table structure for table `stats`
--

CREATE TABLE `stats` (
  `id` int(11) NOT NULL,
  `fk_coins` int(11) NOT NULL,
  `last` float NOT NULL,
  `lowestAsk` float NOT NULL,
  `highestBid` float NOT NULL,
  `percentChange` float NOT NULL,
  `baseVolume` float NOT NULL,
  `quoteVolume` float NOT NULL,
  `isFrozen` int(11) NOT NULL,
  `high24hr` float NOT NULL,
  `low24hr` float NOT NULL,
  `created_at` datetime NOT NULL,
  `updated_at` datetime NOT NULL
) ENGINE=InnoDB DEFAULT CHARSET=latin1;

--
-- Dumping data for table `stats`
--

INSERT INTO `stats` (`id`, `fk_coins`, `last`, `lowestAsk`, `highestBid`, `percentChange`, `baseVolume`, `quoteVolume`, `isFrozen`, `high24hr`, `low24hr`, `created_at`, `updated_at`) VALUES
(100, 7, 0.00000038, 0.00000039, 0.00000038, -0.0731707, 99.6261, 256861000, 0, 0.00000041, 0.00000037, '2017-09-14 08:35:44', '2017-09-14 08:35:44'),
(101, 8, 0.00003278, 0.00003317, 0.0000329, -0.0448718, 17.8964, 541398, 0, 0.00003447, 0.000032, '2017-09-14 08:35:44', '2017-09-14 08:35:44'),
(102, 10, 0.00004224, 0.00004223, 0.00004183, 0.0161174, 20.2207, 472217, 0, 0.0000446, 0.00004109, '2017-09-14 08:35:44', '2017-09-14 08:35:44'),
(103, 12, 0.0232827, 0.0235613, 0.0232839, 0.11405, 34.5521, 1597.8, 0, 0.0245496, 0.0194214, '2017-09-14 08:35:44', '2017-09-14 08:35:44'),
(104, 13, 0.00013727, 0.00013728, 0.00013705, -0.0393982, 32.9413, 240629, 0, 0.00014983, 0.000124, '2017-09-14 08:35:44', '2017-09-14 08:35:44'),
(105, 14, 0.0000299, 0.00002995, 0.00002991, 0.0190866, 1071.73, 36560000, 0, 0.0000303, 0.00002812, '2017-09-14 08:35:44', '2017-09-14 08:35:44'),
(106, 15, 0.00000271, 0.00000271, 0.00000268, -0.0181159, 67.309, 24785700, 0, 0.00000283, 0.00000262, '2017-09-14 08:35:44', '2017-09-14 08:35:44'),
(107, 20, 0.00166741, 0.00166896, 0.00166741, 0.0179548, 14.2274, 8615.2, 0, 0.00167246, 0.00163795, '2017-09-14 08:35:44', '2017-09-14 08:35:44'),
(108, 24, 0.0769971, 0.0769971, 0.0765978, 0.00826164, 786.33, 10302.9, 0, 0.078, 0.0745, '2017-09-14 08:35:44', '2017-09-14 08:35:44'),
(109, 25, 0.00000385, 0.00000385, 0.00000384, -0.00259067, 414.021, 109602000, 0, 0.0000039, 0.00000365, '2017-09-14 08:35:44', '2017-09-14 08:35:44'),
(110, 27, 0.00000036, 0.00000036, 0.00000035, 0, 82.3354, 232465000, 0, 0.00000036, 0.00000035, '2017-09-14 08:35:44', '2017-09-14 08:35:44'),
(111, 28, 0.00001019, 0.00001019, 0.00001009, 0.459885, 620.636, 63046700, 0, 0.00001159, 0.00000681, '2017-09-14 08:35:44', '2017-09-14 08:35:44'),
(112, 31, 0.0000029, 0.0000029, 0.00000289, 0.0507246, 27.2665, 9358480, 0, 0.00000316, 0.00000271, '2017-09-14 08:35:44', '2017-09-14 08:35:44'),
(113, 32, 0.00001912, 0.0000193, 0.00001921, -0.0214944, 49.7429, 2461620, 0, 0.00002316, 0.0000186, '2017-09-14 08:35:44', '2017-09-14 08:35:44'),
(114, 38, 0.00040943, 0.00040943, 0.00040792, -0.0176116, 97.1105, 241457, 0, 0.00041773, 0.000385, '2017-09-14 08:35:44', '2017-09-14 08:35:44'),
(115, 40, 0.00000903, 0.0000091, 0.00000903, 0.189723, 96.62, 11049500, 0, 0.00001061, 0.0000073, '2017-09-14 08:35:44', '2017-09-14 08:35:44'),
(116, 43, 0.00002237, 0.00002237, 0.00002235, -0.017567, 4.06954, 181916, 0, 0.00002383, 0.000022, '2017-09-14 08:35:44', '2017-09-14 08:35:44'),
(117, 50, 0.0157432, 0.0157432, 0.0157432, -0.00093159, 3010.03, 191507, 0, 0.0160445, 0.0153114, '2017-09-14 08:35:44', '2017-09-14 08:35:44'),
(118, 51, 0.00013773, 0.00013784, 0.00013772, -0.0179679, 458.321, 3593450, 0, 0.00014053, 0.000087, '2017-09-14 08:35:44', '2017-09-14 08:35:44'),
(119, 58, 0.00715, 0.0071537, 0.00715, -0.0108215, 24.5228, 3457.3, 0, 0.00723036, 0.00697415, '2017-09-14 08:35:45', '2017-09-14 08:35:45'),
(120, 60, 0.00003938, 0.00003938, 0.0000391, 0.0543507, 12.2823, 317673, 0, 0.00004094, 0.000037, '2017-09-14 08:35:45', '2017-09-14 08:35:45'),
(121, 61, 0.00024752, 0.00024764, 0.00024404, -0.0375612, 152.652, 630736, 0, 0.0002625, 0.00022421, '2017-09-14 08:35:45', '2017-09-14 08:35:45'),
(122, 63, 0.00087456, 0.00087456, 0.00086956, -0.0110926, 15.7162, 18242.4, 0, 0.00088863, 0.00083541, '2017-09-14 08:35:45', '2017-09-14 08:35:45'),
(123, 64, 0.00036902, 0.00037254, 0.00036904, 0.0657925, 8.50978, 23895.7, 0, 0.00037839, 0.00034038, '2017-09-14 08:35:45', '2017-09-14 08:35:45'),
(124, 66, 0.00001356, 0.00001357, 0.00001356, -0.0209386, 10.1047, 771100, 0, 0.00001386, 0.00001222, '2017-09-14 08:35:45', '2017-09-14 08:35:45'),
(125, 69, 0.00001965, 0.00001964, 0.00001961, -0.0272277, 175.8, 9016820, 0, 0.00002042, 0.00001893, '2017-09-14 08:35:45', '2017-09-14 08:35:45'),
(126, 73, 0.00000571, 0.00000576, 0.00000571, 0, 30.4586, 5309360, 0, 0.00000628, 0.0000054, '2017-09-14 08:35:45', '2017-09-14 08:35:45'),
(127, 74, 0.000022, 0.000022, 0.00002197, 0.0466223, 194.346, 8523310, 0, 0.0000258, 0.00002017, '2017-09-14 08:35:45', '2017-09-14 08:35:45'),
(128, 75, 0.00035874, 0.00036024, 0.0003584, 0.0104498, 13.2061, 37090.8, 0, 0.00036993, 0.00034502, '2017-09-14 08:35:45', '2017-09-14 08:35:45'),
(129, 83, 0.00001259, 0.00001259, 0.00001256, -0.0202335, 49.1448, 3600330, 0, 0.00001676, 0.00001201, '2017-09-14 08:35:45', '2017-09-14 08:35:45'),
(130, 86, 0.00014522, 0.00014528, 0.00014523, -0.0155244, 12.0897, 82025.3, 0, 0.00015077, 0.0001445, '2017-09-14 08:35:45', '2017-09-14 08:35:45'),
(131, 89, 0.00000389, 0.0000039, 0.00000389, -0.00511508, 261.575, 66640700, 0, 0.00000405, 0.00000386, '2017-09-14 08:35:45', '2017-09-14 08:35:45'),
(132, 92, 0.00005549, 0.00005558, 0.00005501, -0.0634599, 492.086, 8652040, 0, 0.00006156, 0.000053, '2017-09-14 08:35:45', '2017-09-14 08:35:45'),
(133, 97, 0.00024533, 0.00024668, 0.00024533, 0.0130487, 30.374, 127635, 0, 0.00024873, 0.00023252, '2017-09-14 08:35:45', '2017-09-14 08:35:45'),
(134, 98, 0.0001287, 0.00012999, 0.00012876, -0.188985, 285.285, 2028760, 0, 0.00016402, 0.00012435, '2017-09-14 08:35:45', '2017-09-14 08:35:45'),
(135, 99, 0.00009077, 0.00009077, 0.00008999, -0.0985202, 61.5339, 671850, 0, 0.00010278, 0.00008544, '2017-09-14 08:35:45', '2017-09-14 08:35:45'),
(136, 100, 0.00018052, 0.0001811, 0.00018052, -0.0253226, 47.8947, 270666, 0, 0.00018727, 0.00016925, '2017-09-14 08:35:45', '2017-09-14 08:35:45'),
(137, 104, 0.0166, 0.0166, 0.0166, -0.0228759, 17.0866, 1040.43, 0, 0.01699, 0.0158, '2017-09-14 08:35:45', '2017-09-14 08:35:45'),
(138, 108, 0.00301506, 0.00301506, 0.00301156, -0.00199927, 33.1875, 11464.7, 0, 0.00316, 0.00279723, '2017-09-14 08:35:45', '2017-09-14 08:35:45'),
(139, 112, 0.0000605, 0.00006087, 0.00006051, 0.00231941, 707.711, 12085700, 0, 0.0000615, 0.00005543, '2017-09-14 08:35:45', '2017-09-14 08:35:45'),
(140, 114, 0.029494, 0.029563, 0.029494, 0.120189, 6733.68, 236442, 0, 0.03094, 0.0258641, '2017-09-14 08:35:45', '2017-09-14 08:35:45'),
(141, 116, 0.00005401, 0.00005425, 0.0000541, 0.0165631, 26.88, 497477, 0, 0.00005763, 0.00005237, '2017-09-14 08:35:45', '2017-09-14 08:35:45'),
(142, 117, 0.00005125, 0.00005125, 0.00005118, 0.0122457, 1726.23, 33922200, 0, 0.00005136, 0.00004965, '2017-09-14 08:35:45', '2017-09-14 08:35:45'),
(143, 121, 3846.9, 3850, 3846.9, -0.0418676, 49283700, 12774.1, 0, 4016.8, 3738, '2017-09-14 08:35:45', '2017-09-14 08:35:45'),
(144, 122, 295.054, 296.19, 293.97, -0.0349542, 1014580, 3444.69, 0, 305.741, 283.085, '2017-09-14 08:35:45', '2017-09-14 08:35:45'),
(145, 123, 60.5, 60.5, 60.475, -0.0427215, 7502390, 123911, 0, 63.2, 57.7211, '2017-09-14 08:35:46', '2017-09-14 08:35:46'),
(146, 124, 0.0754642, 0.0755, 0.0754642, -0.0740378, 853714, 11293700, 0, 0.0814982, 0.0722289, '2017-09-14 08:35:46', '2017-09-14 08:35:46'),
(147, 125, 0.0151822, 0.015182, 0.0149, -0.0235026, 479781, 31656600, 0, 0.01597, 0.014641, '2017-09-14 08:35:46', '2017-09-14 08:35:46'),
(148, 126, 114, 114.3, 113.8, 0.0764873, 4344030, 39713.3, 0, 119.9, 102.811, '2017-09-14 08:35:46', '2017-09-14 08:35:46'),
(149, 127, 0.197568, 0.197879, 0.197, -0.0257983, 2323030, 11813600, 0, 0.203423, 0.1902, '2017-09-14 08:35:46', '2017-09-14 08:35:46'),
(150, 129, 0.00001306, 0.00001322, 0.00001302, -0.141919, 23.0535, 1670970, 0, 0.00001599, 0.00001234, '2017-09-14 08:35:46', '2017-09-14 08:35:46'),
(151, 130, 0.00143826, 0.00142883, 0.00139781, -0.0954055, 3.83127, 2459.45, 0, 0.002, 0.00137982, '2017-09-14 08:35:46', '2017-09-14 08:35:46'),
(152, 131, 0.789825, 0.792011, 0.785365, -0.00173726, 19.2129, 26.3514, 0, 0.808673, 0.7, '2017-09-14 08:35:46', '2017-09-14 08:35:46'),
(153, 132, 2.58247, 2.60818, 2.58395, -0.107514, 124.839, 46.0257, 0, 2.9345, 2.5027, '2017-09-14 08:35:46', '2017-09-14 08:35:46'),
(154, 137, 0.535405, 0.538625, 0.522997, -0.106152, 1673.69, 3028.15, 0, 0.604874, 0.515632, '2017-09-14 08:35:46', '2017-09-14 08:35:46'),
(155, 138, 0.0046291, 0.00467485, 0.00460061, -0.121298, 17.0308, 3611.25, 0, 0.00529196, 0.0045, '2017-09-14 08:35:46', '2017-09-14 08:35:46'),
(156, 140, 0.00065893, 0.00066708, 0.00066056, -0.140631, 59.2849, 82839.7, 0, 0.00079292, 0.00064648, '2017-09-14 08:35:46', '2017-09-14 08:35:46'),
(157, 148, 0.070679, 0.070684, 0.070679, 0.00103631, 7951.11, 113653, 0, 0.0716962, 0.0673399, '2017-09-14 08:35:46', '2017-09-14 08:35:46'),
(158, 149, 271.001, 272, 271.001, -0.0436504, 19429800, 72083.3, 0, 283.37, 256.799, '2017-09-14 08:35:46', '2017-09-14 08:35:46'),
(159, 150, 0.0000015, 0.00000151, 0.0000015, -0.025974, 263.382, 176456000, 0, 0.00000154, 0.00000145, '2017-09-14 08:35:46', '2017-09-14 08:35:46'),
(160, 151, 0.00010043, 0.00010138, 0.000101, 0.0274169, 10.9882, 109679, 0, 0.00010516, 0.00009669, '2017-09-14 08:35:46', '2017-09-14 08:35:46'),
(161, 153, 0.00085703, 0.00085932, 0.00085703, 0.0502819, 77.9577, 93874, 0, 0.00088091, 0.00073952, '2017-09-14 08:35:46', '2017-09-14 08:35:46'),
(162, 155, 0.005249, 0.005249, 0.00523901, 0.023135, 465.895, 92058.6, 0, 0.00539999, 0.0048, '2017-09-14 08:35:46', '2017-09-14 08:35:46'),
(163, 158, 0.00130806, 0.00130806, 0.00129092, 0.0151726, 17.731, 13759.5, 0, 0.00133368, 0.00125, '2017-09-14 08:35:46', '2017-09-14 08:35:46'),
(164, 160, 0.00003961, 0.00003961, 0.00003958, 0.0412723, 39.3954, 1036540, 0, 0.00003981, 0.00003724, '2017-09-14 08:35:46', '2017-09-14 08:35:46'),
(165, 162, 0.0067722, 0.00681215, 0.00677234, 0.0353447, 146.966, 21075, 0, 0.00775128, 0.006435, '2017-09-14 08:35:46', '2017-09-14 08:35:46'),
(166, 163, 0.00167317, 0.00168621, 0.00167326, -0.0168522, 652.384, 391488, 0, 0.00170999, 0.001624, '2017-09-14 08:35:46', '2017-09-14 08:35:46'),
(167, 166, 0.0234, 0.02385, 0.0234485, -0.0291536, 251.311, 10537.1, 0, 0.0244057, 0.0233298, '2017-09-14 08:35:46', '2017-09-14 08:35:46'),
(168, 167, 0.00006049, 0.00006055, 0.00006049, -0.0218305, 62.5539, 1029110, 0, 0.00006595, 0.00005807, '2017-09-14 08:35:46', '2017-09-14 08:35:46'),
(169, 168, 0.0002617, 0.0002617, 0.00026133, 0.0271204, 78.2746, 303902, 0, 0.00027, 0.0002496, '2017-09-14 08:35:46', '2017-09-14 08:35:46'),
(170, 169, 0.00372259, 0.00374345, 0.00371527, 0.0240427, 70.323, 18911, 0, 0.00387338, 0.00360591, '2017-09-14 08:35:46', '2017-09-14 08:35:46'),
(171, 170, 0.00022952, 0.00023302, 0.0002305, 0.0530372, 29.1967, 120872, 0, 0.00026, 0.00021543, '2017-09-14 08:35:46', '2017-09-14 08:35:46'),
(172, 171, 0.00368881, 0.00369758, 0.00368881, 0.0245271, 1017.09, 278235, 0, 0.00373298, 0.00355264, '2017-09-14 08:35:47', '2017-09-14 08:35:47'),
(173, 172, 0.0522385, 0.0522385, 0.0522385, 0.0242837, 1009.6, 19626.6, 0, 0.052975, 0.0501351, '2017-09-14 08:35:47', '2017-09-14 08:35:47'),
(174, 173, 14.119, 14.2366, 14.119, -0.0232837, 2444130, 174521, 0, 14.594, 13.4911, '2017-09-14 08:35:47', '2017-09-14 08:35:47'),
(175, 174, 0.00527612, 0.00527595, 0.00526424, 0.0308949, 354.352, 64534.2, 0, 0.00611, 0.00508956, '2017-09-14 08:35:47', '2017-09-14 08:35:47'),
(176, 175, 20.33, 20.381, 20.33, -0.00805143, 381454, 17457.4, 0, 24.2, 19.98, '2017-09-14 08:35:47', '2017-09-14 08:35:47'),
(177, 176, 0.0747938, 0.0751143, 0.0745484, 0.0329119, 1446.64, 18273.8, 0, 0.0869073, 0.0722946, '2017-09-14 08:35:47', '2017-09-14 08:35:47'),
(178, 177, 0.00003076, 0.00003106, 0.00003076, 0.0118421, 51.8272, 1716240, 0, 0.00003106, 0.000029, '2017-09-14 08:35:47', '2017-09-14 08:35:47'),
(179, 178, 0.05264, 0.0526049, 0.0525715, 0.0559679, 756.923, 14811.1, 0, 0.0543382, 0.0480439, '2017-09-14 08:35:47', '2017-09-14 08:35:47'),
(180, 179, 0.739996, 0.744572, 0.735447, 0.0458869, 2327.52, 3206.22, 0, 0.772013, 0.7037, '2017-09-14 08:35:47', '2017-09-14 08:35:47'),
(181, 180, 201.336, 203, 201.336, 0.00668115, 2043070, 10503, 0, 211.849, 181.827, '2017-09-14 08:35:47', '2017-09-14 08:35:47'),
(182, 181, 1.76533, 1.77728, 1.76217, -0.073515, 996.071, 575.219, 0, 1.91, 1.64501, '2017-09-14 08:35:47', '2017-09-14 08:35:47'),
(183, 182, 0.00127984, 0.00128522, 0.00128053, -0.00759132, 417.304, 332184, 0, 0.001306, 0.00120033, '2017-09-14 08:35:47', '2017-09-14 08:35:47'),
(184, 183, 0.00006189, 0.00006187, 0.00006143, 0.0505856, 20.0764, 337187, 0, 0.00006441, 0.00005633, '2017-09-14 08:35:47', '2017-09-14 08:35:47'),
(185, 184, 0.00011358, 0.00011385, 0.00011358, 0.0877227, 107.786, 997753, 0, 0.00012799, 0.00009299, '2017-09-14 08:35:47', '2017-09-14 08:35:47'),
(186, 185, 0.000068, 0.000068, 0.00006792, 0.0110021, 153.711, 2272090, 0, 0.0000707, 0.000065, '2017-09-14 08:35:47', '2017-09-14 08:35:47'),
(187, 186, 0.00096947, 0.00097062, 0.000961, 0.0205807, 279.038, 290835, 0, 0.00099621, 0.000936, '2017-09-14 08:35:47', '2017-09-14 08:35:47'),
(188, 187, 0.03, 0.03, 0.0298064, 0.00778073, 27.4267, 922.998, 0, 0.0304603, 0.0285, '2017-09-14 08:35:47', '2017-09-14 08:35:47'),
(189, 188, 0.425186, 0.426503, 0.425186, 0.00680265, 70.3463, 165.392, 0, 0.438754, 0.41937, '2017-09-14 08:35:47', '2017-09-14 08:35:47'),
(190, 189, 0.129923, 0.129922, 0.129503, 0.0143739, 1469.69, 11399.1, 0, 0.1345, 0.124, '2017-09-14 08:35:47', '2017-09-14 08:35:47'),
(191, 190, 1.84, 1.842, 1.84, 0.0121012, 1449.43, 795.347, 0, 1.93116, 1.76412, '2017-09-14 08:35:47', '2017-09-14 08:35:47'),
(192, 191, 497.152, 499.653, 497.745, -0.0322834, 5540510, 11245, 0, 528, 469.988, '2017-09-14 08:35:47', '2017-09-14 08:35:47'),
(193, 192, 0.00005902, 0.0000595, 0.00005903, -0.0107275, 355.056, 6158010, 0, 0.00006077, 0.00005503, '2017-09-14 08:35:47', '2017-09-14 08:35:47'),
(194, 193, 0.00083565, 0.00083565, 0.00083285, -0.0197194, 1865.71, 2269710, 0, 0.000858, 0.0007962, '2017-09-14 08:35:47', '2017-09-14 08:35:47'),
(195, 194, 0.00010724, 0.00010724, 0.00010694, 0.0727218, 156.994, 1531680, 0, 0.0001116, 0.00009204, '2017-09-14 08:35:47', '2017-09-14 08:35:47'),
(196, 195, 0.00152001, 0.00153466, 0.001518, 0.0890274, 352.784, 240606, 0, 0.00156, 0.001345, '2017-09-14 08:35:48', '2017-09-14 08:35:48'),
(197, 196, 0.00276528, 0.00276527, 0.00274308, 0.0283521, 617.48, 228931, 0, 0.00308989, 0.00249, '2017-09-14 08:35:48', '2017-09-14 08:35:48'),
(198, 197, 0.0390739, 0.0393716, 0.0391, 0.0223636, 1453.73, 38256.8, 0, 0.0427566, 0.03646, '2017-09-14 08:35:48', '2017-09-14 08:35:48');

-- --------------------------------------------------------

--
-- Table structure for table `threads`
--

CREATE TABLE `threads` (
  `id` int(10) UNSIGNED NOT NULL,
  `text` longblob,
  `title` varchar(100) COLLATE utf8mb4_unicode_ci NOT NULL,
  `slug` varchar(100) COLLATE utf8mb4_unicode_ci DEFAULT NULL,
  `channel_id` int(10) UNSIGNED DEFAULT NULL,
  `user_id` int(10) UNSIGNED NOT NULL,
  `is_link` tinyint(4) NOT NULL DEFAULT '0',
  `is_chart` tinyint(4) NOT NULL DEFAULT '0',
  `deleted_at` timestamp NULL DEFAULT NULL,
  `answer_id` int(10) UNSIGNED DEFAULT NULL,
  `created_at` timestamp NULL DEFAULT NULL,
  `updated_at` timestamp NULL DEFAULT NULL
) ENGINE=InnoDB DEFAULT CHARSET=utf8mb4 COLLATE=utf8mb4_unicode_ci;

--
-- Dumping data for table `threads`
--

INSERT INTO `threads` (`id`, `text`, `title`, `slug`, `channel_id`, `user_id`, `is_link`, `is_chart`, `deleted_at`, `answer_id`, `created_at`, `updated_at`) VALUES
(33, 0x3c703e7465737420333c62723e3c2f703e, 'test 3', 'ICO', NULL, 1, 0, 0, NULL, NULL, '2017-09-08 01:59:53', '2017-09-08 01:59:53'),
(34, 0x74657374, 'test 1', 'ICO', NULL, 1, 0, 0, NULL, NULL, '2017-09-08 02:56:48', '2017-09-08 02:56:48'),
(35, 0x3c627574746f6e20747970653d22627574746f6e22207374796c653d2277696474683a313030253b20666f6e742d7765696768743a3630303b2070616464696e672d6c6566743a20313070783b20626f726465722d746f702d72696768742d7261646975733a3570782021696d706f7274616e74203b20626f726465722d746f702d6c6566742d7261646975733a3570782021696d706f7274616e743b20626f726465723a303b20746578742d616c69676e3a6c6566743b20202070616464696e672d626f74746f6d3a303b206c696e652d6865696768743a20323070783b206261636b67726f756e643a236263643265653b206d696e2d6865696768743a323570782220646174612d746f67676c653d22636f6c6c617073652220646174612d7461726765743d222364656d6f3434313238223e51756f7465643a556d6572204661726f6f713c6920636c6173733d226661206661312066612d63686576726f6e2d646f776e2220617269612d68696464656e3d2274727565223e3c2f693e3c2f627574746f6e3e20203c6469762069643d2264656d6f34343132382220636c6173733d22636f6c6c6170736520696e22207374796c653d2270616464696e672d746f703a303b2070616464696e673a203570783b626f726465722d626f74746f6d2d6c6566742d7261646975733a203570783b626f726465722d626f74746f6d2d72696768742d7261646975733a203570783b626f726465723a736f6c69643b70616464696e672d6c6566743a20313070783b2020626f726465722d636f6c6f723a236263643265653b20626f726465722d77696474683a3070782033707820337078203370783b223e20203c703e7465737420313c62723e3c2f703e203c62723e203c61207374796c653d2270616464696e672d6c6566743a3439253b637572736f723a706f696e7465723b206261636b67726f756e642d636f6c6f723a77686974653b2220687265663d222364656d6f34343132382220646174612d746f67676c653d22636f6c6c61707365223e3c6920636c6173733d226661206661312066612d63686576726f6e2d75702220617269612d68696464656e3d2274727565223e3c2f693e3c2f613e203c2f6469763e20203c6469763e20266e6273703b20746573743c2f6469763e, 'test 1', 'ICO', NULL, 1, 0, 0, NULL, NULL, '2017-09-08 02:57:09', '2017-09-08 02:57:09'),
(36, 0x647366647366, 'test 1', 'ICO', NULL, 2, 0, 1, NULL, NULL, '2017-09-08 05:25:38', '2017-09-08 05:25:38'),
(41, 0x3c627574746f6e20747970653d22627574746f6e222020207374796c653d2277696474683a313030253b20666f6e742d7765696768743a3630303b2070616464696e672d6c6566743a20313070783b20626f726465722d746f702d72696768742d7261646975733a3570782021696d706f7274616e74203b20626f726465722d746f702d6c6566742d7261646975733a3570782021696d706f7274616e743b20626f726465723a303b20746578742d616c69676e3a6c6566743b20202070616464696e672d626f74746f6d3a303b206c696e652d6865696768743a20323070783b206261636b67726f756e643a236263643265653b206d696e2d6865696768743a323570782220646174612d746f67676c653d22636f6c6c617073652220646174612d7461726765743d222364656d6f343631333431353034383832323634333736223e51756f7465643a556d6572204661726f6f713c6920636c6173733d226661206661312066612d63686576726f6e2d646f776e2220617269612d68696464656e3d2274727565223e3c2f693e3c2f627574746f6e3e20203c6469762069643d2264656d6f3436313334313530343838323236343337362220636c6173733d22636f6c6c6170736520696e22207374796c653d2270616464696e672d746f703a303b2070616464696e673a203570783b626f726465722d626f74746f6d2d6c6566742d7261646975733a203570783b626f726465722d626f74746f6d2d72696768742d7261646975733a203570783b626f726465723a736f6c69643b70616464696e672d6c6566743a20313070783b2020626f726465722d636f6c6f723a236263643265653b20626f726465722d77696474683a3070782033707820337078203370783b223e2020647366647366203c62723e203c627574746f6e20747970653d22627574746f6e222020207374796c653d2277696474683a313030253b20666f6e742d7765696768743a3630303b2070616464696e672d6c6566743a20313070783b20626f726465722d746f702d72696768742d7261646975733a3570782021696d706f7274616e74203b20626f726465722d746f702d6c6566742d7261646975733a3570782021696d706f7274616e743b20626f726465723a303b20746578742d616c69676e3a63656e7465723b20202070616464696e672d626f74746f6d3a303b206c696e652d6865696768743a20323070783b206261636b67726f756e643a77686974653b206d696e2d6865696768743a323570782220646174612d746f67676c653d22636f6c6c617073652220646174612d7461726765743d222364656d6f343631333431353034383832323634333736223e3c6920636c6173733d226661206661312066612d63686576726f6e2d75702220617269612d68696464656e3d2274727565223e3c2f693e3c2f627574746f6e3e203c2f6469763e20203c6469763e20266e6273703b2066697273743c2f6469763e, 'test 1', 'ICO', NULL, 1, 0, 1, NULL, NULL, '2017-09-08 09:51:15', '2017-09-08 09:51:15'),
(42, 0x3c703e66697473743c62723e3c2f703e, 'fitst btc', 'BTC', NULL, 1, 0, 0, NULL, NULL, '2017-09-14 01:10:51', '2017-09-14 01:10:51');

-- --------------------------------------------------------

--
-- Table structure for table `users`
--

CREATE TABLE `users` (
  `id` int(10) UNSIGNED NOT NULL,
  `first_name` varchar(255) COLLATE utf8mb4_unicode_ci NOT NULL,
  `last_name` varchar(255) COLLATE utf8mb4_unicode_ci DEFAULT NULL,
  `u_posts` int(11) NOT NULL DEFAULT '0',
  `email` varchar(100) COLLATE utf8mb4_unicode_ci NOT NULL,
  `img` varchar(100) COLLATE utf8mb4_unicode_ci DEFAULT NULL,
  `password` varchar(255) COLLATE utf8mb4_unicode_ci NOT NULL,
  `remember_token` varchar(100) COLLATE utf8mb4_unicode_ci DEFAULT NULL,
  `created_at` timestamp NULL DEFAULT NULL,
  `updated_at` timestamp NULL DEFAULT NULL,
  `fcm_token` varchar(255) COLLATE utf8mb4_unicode_ci DEFAULT NULL
) ENGINE=InnoDB DEFAULT CHARSET=utf8mb4 COLLATE=utf8mb4_unicode_ci;

--
-- Dumping data for table `users`
--

INSERT INTO `users` (`id`, `first_name`, `last_name`, `u_posts`, `email`, `img`, `password`, `remember_token`, `created_at`, `updated_at`, `fcm_token`) VALUES
(1, 'Umer', 'Farooq', 16, 'umer@gmail.com', 'jpg', '$2y$10$TTNSYZoYtAfZFy0t0E7AWeB2GyYFSmWSqKgCWJM0kO41kUKFbGBaW', 'JEwXSu3hQAjTtxfwsOf9i3cZOYOQX6kdZeiQ0Vnx3DEntts9fIOkr4cO92wh', '2017-07-20 19:41:26', '2017-09-14 01:10:51', 'dyTDV-ao4Y0:APA91bG0P2uaUbvGfcr714Z2tRoj4jfAnlDRismsBFdWlOX2dqTe5areQjCjdOJP_snVqaIuaga7qcJ_Sri1Wd2vRqREE3ec-jUWzrp8kbzZvxu2wUCJwQpzAEuMCzZt_bQRKe6GLZQj'),
(2, 'Zia Ur Rehman', NULL, 0, 'zia@gmail.com', 'png', '$2y$10$diJ.lUucG17NUMriVN9qWuLYK/wzR8BckRq7SoXbZ3jXmtLOADJum', 'bYX8YAUBo9K6r07epNvYtPYSLBhLvdOe8LUeSee3aa2HsuUnY77jrUaWI8aY', '2017-07-21 18:50:19', '2017-07-21 18:50:19', NULL),
(3, 'Mark', NULL, 0, 'zia1@gmail.com', 'jpg', '$2y$10$cMfk8H53om6vAtCuItmAzObOKEgIrCQdDgfmeLE3e4CzxAwAsIOgq', 'D31h0AYDc8a6nLiiSna1WbNcZDWpRPQQt41FDxQAfMCpN6srAZHglYiWHDh4', '2017-07-21 17:30:28', '2017-07-21 17:30:28', NULL),
(4, 'mouse', NULL, 0, 'peterfarah2@hotmail.com', 'jpg', '$2y$10$Cw08odnzlJzvyjd/JHPod.VfFnxV6AlSxjzH.olsdXxmrILKNbSee', NULL, '2017-07-21 23:15:19', '2017-07-21 23:15:19', NULL),
(5, 'noman', 'Ahmed', 0, 'noman@gmail.com', 'jpg', '$2y$10$YaKnmMWbRc4Iy5EEOn8oz.AO.2QZLqGMceco4mCedZIpvMe1h/IrK', 'WFqyi7ywYQU7dQbxn4DQCPmoqWn81r7vOEeHwa6h1fpZ5LVayBtHPlSjciOX', '2017-08-02 07:31:49', '2017-08-04 05:07:03', 'dyTDV-ao4Y0:APA91bG0P2uaUbvGfcr714Z2tRoj4jfAnlDRismsBFdWlOX2dqTe5areQjCjdOJP_snVqaIuaga7qcJ_Sri1Wd2vRqREE3ec-jUWzrp8kbzZvxu2wUCJwQpzAEuMCzZt_bQRKe6GLZQj');

--
-- Indexes for dumped tables
--

--
-- Indexes for table `channels`
--
ALTER TABLE `channels`
  ADD PRIMARY KEY (`id`),
  ADD UNIQUE KEY `channels_slug_unique` (`slug`),
  ADD UNIQUE KEY `channels_color_unique` (`color`),
  ADD UNIQUE KEY `channels_icon_unique` (`icon`);

--
-- Indexes for table `coins`
--
ALTER TABLE `coins`
  ADD PRIMARY KEY (`id`);

--
-- Indexes for table `discussions`
--
ALTER TABLE `discussions`
  ADD PRIMARY KEY (`id`);

--
-- Indexes for table `follows`
--
ALTER TABLE `follows`
  ADD PRIMARY KEY (`f_id`);

--
-- Indexes for table `forums`
--
ALTER TABLE `forums`
  ADD PRIMARY KEY (`id`);

--
-- Indexes for table `likes`
--
ALTER TABLE `likes`
  ADD PRIMARY KEY (`like_id`);

--
-- Indexes for table `migrations`
--
ALTER TABLE `migrations`
  ADD PRIMARY KEY (`id`);

--
-- Indexes for table `notifications`
--
ALTER TABLE `notifications`
  ADD PRIMARY KEY (`id`),
  ADD KEY `notifications_user_id_foreign` (`user_id`),
  ADD KEY `notifications_thread_id_foreign` (`thread_id`);

--
-- Indexes for table `password_resets`
--
ALTER TABLE `password_resets`
  ADD KEY `password_resets_email_index` (`email`);

--
-- Indexes for table `polls`
--
ALTER TABLE `polls`
  ADD PRIMARY KEY (`id`),
  ADD KEY `polls_user_id_foreign` (`user_id`),
  ADD KEY `polls_post_id_foreign` (`post_id`);

--
-- Indexes for table `posts`
--
ALTER TABLE `posts`
  ADD PRIMARY KEY (`id`),
  ADD KEY `posts_thread_id_foreign` (`thread_id`),
  ADD KEY `posts_user_id_foreign` (`user_id`);

--
-- Indexes for table `stats`
--
ALTER TABLE `stats`
  ADD PRIMARY KEY (`id`);

--
-- Indexes for table `threads`
--
ALTER TABLE `threads`
  ADD PRIMARY KEY (`id`),
  ADD KEY `threads_channel_id_foreign` (`channel_id`),
  ADD KEY `threads_user_id_foreign` (`user_id`),
  ADD KEY `threads_answer_id_foreign` (`answer_id`);

--
-- Indexes for table `users`
--
ALTER TABLE `users`
  ADD PRIMARY KEY (`id`),
  ADD UNIQUE KEY `users_email_unique` (`email`);

--
-- AUTO_INCREMENT for dumped tables
--

--
-- AUTO_INCREMENT for table `channels`
--
ALTER TABLE `channels`
  MODIFY `id` int(10) UNSIGNED NOT NULL AUTO_INCREMENT;
--
-- AUTO_INCREMENT for table `coins`
--
ALTER TABLE `coins`
  MODIFY `id` int(10) NOT NULL AUTO_INCREMENT, AUTO_INCREMENT=198;
--
-- AUTO_INCREMENT for table `discussions`
--
ALTER TABLE `discussions`
  MODIFY `id` int(11) NOT NULL AUTO_INCREMENT, AUTO_INCREMENT=19;
--
-- AUTO_INCREMENT for table `follows`
--
ALTER TABLE `follows`
  MODIFY `f_id` int(11) NOT NULL AUTO_INCREMENT, AUTO_INCREMENT=12;
--
-- AUTO_INCREMENT for table `forums`
--
ALTER TABLE `forums`
  MODIFY `id` int(11) NOT NULL AUTO_INCREMENT, AUTO_INCREMENT=40;
--
-- AUTO_INCREMENT for table `likes`
--
ALTER TABLE `likes`
  MODIFY `like_id` int(11) NOT NULL AUTO_INCREMENT, AUTO_INCREMENT=42;
--
-- AUTO_INCREMENT for table `migrations`
--
ALTER TABLE `migrations`
  MODIFY `id` int(10) UNSIGNED NOT NULL AUTO_INCREMENT, AUTO_INCREMENT=9;
--
-- AUTO_INCREMENT for table `notifications`
--
ALTER TABLE `notifications`
  MODIFY `id` int(10) UNSIGNED NOT NULL AUTO_INCREMENT;
--
-- AUTO_INCREMENT for table `polls`
--
ALTER TABLE `polls`
  MODIFY `id` int(10) UNSIGNED NOT NULL AUTO_INCREMENT;
--
-- AUTO_INCREMENT for table `posts`
--
ALTER TABLE `posts`
  MODIFY `id` int(10) UNSIGNED NOT NULL AUTO_INCREMENT;
--
-- AUTO_INCREMENT for table `stats`
--
ALTER TABLE `stats`
  MODIFY `id` int(11) NOT NULL AUTO_INCREMENT, AUTO_INCREMENT=199;
--
-- AUTO_INCREMENT for table `threads`
--
ALTER TABLE `threads`
  MODIFY `id` int(10) UNSIGNED NOT NULL AUTO_INCREMENT, AUTO_INCREMENT=43;
--
-- AUTO_INCREMENT for table `users`
--
ALTER TABLE `users`
  MODIFY `id` int(10) UNSIGNED NOT NULL AUTO_INCREMENT, AUTO_INCREMENT=6;
--
-- Constraints for dumped tables
--

--
-- Constraints for table `notifications`
--
ALTER TABLE `notifications`
  ADD CONSTRAINT `notifications_thread_id_foreign` FOREIGN KEY (`thread_id`) REFERENCES `threads` (`id`) ON UPDATE CASCADE,
  ADD CONSTRAINT `notifications_user_id_foreign` FOREIGN KEY (`user_id`) REFERENCES `users` (`id`) ON UPDATE CASCADE;

--
-- Constraints for table `polls`
--
ALTER TABLE `polls`
  ADD CONSTRAINT `polls_post_id_foreign` FOREIGN KEY (`post_id`) REFERENCES `posts` (`id`) ON UPDATE CASCADE,
  ADD CONSTRAINT `polls_user_id_foreign` FOREIGN KEY (`user_id`) REFERENCES `users` (`id`) ON UPDATE CASCADE;

--
-- Constraints for table `posts`
--
ALTER TABLE `posts`
  ADD CONSTRAINT `posts_thread_id_foreign` FOREIGN KEY (`thread_id`) REFERENCES `threads` (`id`) ON DELETE NO ACTION ON UPDATE CASCADE,
  ADD CONSTRAINT `posts_user_id_foreign` FOREIGN KEY (`user_id`) REFERENCES `users` (`id`) ON DELETE NO ACTION ON UPDATE CASCADE;

--
-- Constraints for table `threads`
--
ALTER TABLE `threads`
  ADD CONSTRAINT `threads_answer_id_foreign` FOREIGN KEY (`answer_id`) REFERENCES `posts` (`id`) ON DELETE NO ACTION ON UPDATE CASCADE,
  ADD CONSTRAINT `threads_channel_id_foreign` FOREIGN KEY (`channel_id`) REFERENCES `channels` (`id`) ON DELETE NO ACTION ON UPDATE CASCADE,
  ADD CONSTRAINT `threads_user_id_foreign` FOREIGN KEY (`user_id`) REFERENCES `users` (`id`) ON DELETE NO ACTION ON UPDATE CASCADE;

/*!40101 SET CHARACTER_SET_CLIENT=@OLD_CHARACTER_SET_CLIENT */;
/*!40101 SET CHARACTER_SET_RESULTS=@OLD_CHARACTER_SET_RESULTS */;
/*!40101 SET COLLATION_CONNECTION=@OLD_COLLATION_CONNECTION */;
